<launch>
	<group ns="hostess_skeleton_tracker">
		<!--param name="user_to_track" type="str" value="00000004" /-->
		<param name="skeleton_to_track" type="int" value="0" />

		<node pkg="hostess_skeleton_tracker" type="hostess_skeleton_kalman" name="hostess_skeleton_kalman" output="screen" />
		<node name="dynamixel_mediator" pkg="hostess_skeleton_tracker" type="dynamixel_mediator" output="screen">
			<param name="DeviceIndex" type="int" value="4"/>
			<param name="Baudnum" type="int" value="1"/>
                	<param name="UpdateRate" type="int" value="20"/>
                	<param name="YamlPath" type="string" value="$(find hostess_skeleton_tracker)/launch/include/pan_joint.yaml"/>
        	</node>
	</group>
</launch>
